product_id,date,price,price_change_1,price_change_pct_1,price_mean_4,price_std_4,price_min_4,price_max_4,price_mean_8,price_std_8,price_mean_12,price_std_12,discount_prev_week,weeks_since_last_discount,discount_count_last_4,discount_count_last_8,discount_count_last_12,discount_frequency_4,discount_frequency_8,discount_frequency_12,last_discount_interval,discount_prev_value,week_of_year,month,quarter
5480,2025-09-27,159,,,,,,,,,,,,,,,,,,,,,39,9,3
5480,2025-10-04,189,30.0,0.18867924528301888,159.0,,159.0,159.0,159.0,,159.0,,0.0,,0.0,0.0,0.0,0.0,0.0,0.0,,,40,10,4
5480,2025-10-11,149,-40.0,-0.21164021164021163,174.0,21.213203435596427,159.0,189.0,174.0,21.213203435596427,174.0,21.213203435596427,1.0,1.0,1.0,1.0,1.0,0.25,0.125,0.08333333333333333,1.0,149.0,41,10,4
5480,2025-10-18,149,0.0,0.0,165.66666666666666,20.816659994661325,149.0,189.0,165.66666666666666,20.816659994661325,165.66666666666666,20.816659994661325,1.0,1.0,2.0,2.0,2.0,0.5,0.25,0.16666666666666666,1.0,131.0,42,10,4
5480,2025-10-25,169,20.0,0.1342281879194631,161.5,18.92969448600091,149.0,189.0,161.5,18.92969448600091,161.5,18.92969448600091,0.0,2.0,2.0,2.0,2.0,0.5,0.25,0.16666666666666666,1.0,,43,10,4
5480,2025-11-22,159,-10.0,-0.05917159763313609,164.0,19.14854215512676,149.0,189.0,163.0,16.733200530681508,163.0,16.733200530681508,1.0,4.0,3.0,3.0,3.0,0.75,0.375,0.25,1.0,139.0,47,11,4
5480,2025-11-29,169,10.0,0.06289308176100629,156.5,9.574271077563369,149.0,169.0,162.33333333333334,15.055453054181617,162.33333333333334,15.055453054181617,0.0,5.0,2.0,3.0,3.0,0.5,0.375,0.25,1.0,,48,11,4
5480,2025-12-06,169,0.0,0.0,161.5,9.574271077563369,149.0,169.0,163.28571428571428,13.972762620115436,163.28571428571428,13.972762620115436,1.0,1.0,2.0,4.0,4.0,0.5,0.5,0.3333333333333333,1.0,149.0,49,12,4
5480,2025-12-13,159,-10.0,-0.05917159763313609,166.5,4.999999999999982,159.0,169.0,164.0,13.093073414159537,164.0,13.093073414159537,1.0,1.0,3.0,5.0,5.0,0.75,0.625,0.4166666666666667,1.0,149.0,50,12,4
5480,2025-12-20,169,10.0,0.06289308176100629,164.0,5.77350269189624,159.0,169.0,164.0,13.093073414159537,163.44444444444446,12.3603308118261,0.0,2.0,2.0,5.0,5.0,0.5,0.625,0.4166666666666667,1.0,,51,12,4
5480,2025-12-27,179,10.0,0.05917159763313609,166.5,4.999999999999982,159.0,169.0,161.5,8.864052604279188,164.0,11.785113019775789,0.0,3.0,2.0,4.0,5.0,0.5,0.5,0.4166666666666667,1.0,,52,12,4
5480,2026-01-03,179,0.0,0.0,169.0,8.164965809277252,159.0,179.0,165.25,9.161253813129036,165.36363636363637,12.06045378311054,1.0,1.0,2.0,4.0,6.0,0.5,0.5,0.5,1.0,149.0,1,1,1
5480,2026-01-10,179,0.0,0.0,171.5,9.574271077563374,159.0,179.0,169.0,7.559289460184518,166.5,12.15431087010994,1.0,1.0,2.0,5.0,7.0,0.5,0.625,0.5833333333333334,1.0,149.0,2,1,1
5480,2026-01-17,159,-20.0,-0.11173184357541899,176.5,4.99999999999999,169.0,179.0,170.25,8.345229603962773,168.16666666666666,12.40112409372145,1.0,1.0,3.0,5.0,8.0,0.75,0.625,0.6666666666666666,1.0,158.0,3,1,1
5480,2026-01-24,149,-10.0,-0.06289308176100629,174.0,9.999999999999995,159.0,179.0,170.25,8.345229603962773,165.66666666666666,10.730867399773194,0.0,2.0,3.0,5.0,7.0,0.75,0.625,0.5833333333333334,1.0,,4,1,1
5480,2026-01-31,179,30.0,0.20134228187919462,166.5,14.999999999999998,149.0,179.0,167.75,11.25991626459602,165.66666666666666,10.730867399773194,0.0,3.0,2.0,4.0,6.0,0.5,0.5,0.5,1.0,,5,1,1
5480,2026-02-07,179,0.0,0.0,166.5,14.999999999999998,149.0,179.0,169.0,11.952286093343922,168.16666666666666,9.96204919895621,1.0,1.0,2.0,4.0,7.0,0.5,0.5,0.5833333333333334,1.0,159.0,6,2,1
5480,2026-02-14,179,0.0,0.0,166.5,14.999999999999998,149.0,179.0,171.5,11.649647450214326,169.0,10.444659357341859,1.0,1.0,2.0,5.0,7.0,0.5,0.625,0.5833333333333334,1.0,159.0,7,2,1
5480,2026-02-21,179,0.0,0.0,171.5,14.999999999999998,149.0,179.0,172.75,11.87734939165418,170.66666666666666,10.29857301088873,1.0,1.0,3.0,6.0,8.0,0.75,0.75,0.6666666666666666,1.0,149.0,8,2,1
5480,2026-02-28,169,-10.0,-0.055865921787709494,179.0,0.0,179.0,179.0,172.75,11.87734939165418,171.5,10.55289706022171,1.0,1.0,4.0,6.0,8.0,1.0,0.75,0.6666666666666666,1.0,149.0,9,2,1
5480,2026-03-07,159,-10.0,-0.05917159763313609,176.5,4.9999999999999964,169.0,179.0,171.5,11.649647450214326,171.5,10.55289706022171,1.0,1.0,4.0,6.0,8.0,1.0,0.75,0.6666666666666666,1.0,149.0,10,3,1
5480,2026-03-14,159,0.0,0.0,171.5,9.574271077563376,159.0,179.0,169.0,11.952286093343922,171.5,10.552897060221708,0.0,2.0,3.0,5.0,8.0,0.75,0.625,0.6666666666666666,1.0,,11,3,1
5480,2026-03-21,175,16.0,0.10062893081761007,166.5,9.574271077563376,159.0,179.0,169.0,11.952286093343922,170.66666666666666,11.14640858045424,0.0,3.0,2.0,5.0,8.0,0.5,0.625,0.6666666666666666,1.0,,12,3,1
5480,2026-03-28,175,0.0,0.0,165.5,7.8951461882180025,159.0,175.0,172.25,8.876131718587423,170.33333333333334,10.932298546744468,1.0,1.0,2.0,6.0,8.0,0.5,0.75,0.6666666666666666,1.0,149.0,13,3,1
5480,2026-04-04,189,14.0,0.08,167.0,9.237604307034008,159.0,175.0,171.75,8.548182764273822,170.0,10.702591020190122,0.0,2.0,1.0,5.0,7.0,0.25,0.625,0.5833333333333334,1.0,,14,4,2
5480,2026-04-11,169,-20.0,-0.10582010582010581,174.5,12.261049438499679,159.0,189.0,173.0,10.309496315810664,170.83333333333334,11.800102721689496,1.0,1.0,2.0,5.0,7.0,0.5,0.625,0.5833333333333334,1.0,159.0,15,4,2
5480,2026-04-18,189,20.0,0.11834319526627218,177.0,8.48528137423857,169.0,189.0,171.75,10.081808227835749,171.66666666666666,11.227671444275773,0.0,2.0,2.0,4.0,7.0,0.5,0.5,0.5833333333333334,1.0,,16,4,2
5480,2026-04-25,189,0.0,0.0,180.5,10.11599393699568,169.0,189.0,173.0,11.612800818800874,175.0,9.723448696087912,1.0,1.0,2.0,4.0,8.0,0.5,0.5,0.6666666666666666,1.0,159.0,17,4,2
5480,2026-05-02,189,0.0,0.0,184.0,10.0,169.0,189.0,175.5,12.727922061357825,175.83333333333334,10.495309197518393,1.0,1.0,3.0,4.0,8.0,0.75,0.5,0.6666666666666666,1.0,129.0,18,5,2
5480,2026-05-09,175,-14.0,-0.07407407407407407,184.0,10.0,169.0,189.0,179.25,11.53565900030976,176.66666666666666,11.146408580454205,1.0,1.0,3.0,5.0,8.0,0.75,0.625,0.6666666666666666,1.0,169.0,19,5,2
5480,2026-05-23,166,-9.0,-0.05142857142857143,185.5,7.0,175.0,189.0,181.25,8.514693182963134,176.33333333333334,11.130084810044659,0.0,3.0,3.0,5.0,7.0,0.75,0.625,0.5833333333333334,1.0,,21,5,2
5480,2026-05-30,166,0.0,0.0,179.75,11.295279249904953,166.0,189.0,180.125,9.934607620405927,175.25,11.47427953769168,0.0,4.0,2.0,4.0,6.0,0.5,0.5,0.5,1.0,,22,5,2
5480,2026-06-06,166,0.0,0.0,174.0,10.862780491200215,166.0,189.0,179.0,11.045361017187215,175.0,11.654105792302596,1.0,1.0,2.0,5.0,6.0,0.5,0.625,0.5,1.0,122.0,23,6,2
5480,2026-06-13,197,31.0,0.18674698795180722,168.25,4.499999999999998,166.0,175.0,176.125,11.063937557927265,175.58333333333334,10.93333795269669,0.0,2.0,1.0,4.0,6.0,0.25,0.5,0.5,1.0,,24,6,2
5480,2026-06-20,197,0.0,0.0,173.75,15.5,166.0,197.0,179.625,12.783220028056832,178.75,11.193545217912561,0.0,3.0,1.0,4.0,6.0,0.25,0.5,0.5,1.0,,25,6,2
5480,2026-06-27,189,-8.0,-0.04060913705583756,181.5,17.897858344878397,166.0,197.0,180.625,13.886658551080052,180.58333333333334,12.27309202600495,0.0,4.0,1.0,3.0,5.0,0.25,0.375,0.4166666666666667,1.0,,26,6,2
5480,2026-07-04,189,0.0,0.0,187.25,14.660036380127664,166.0,197.0,180.625,13.886658551080052,181.75,12.359207094308205,1.0,1.0,1.0,3.0,6.0,0.25,0.375,0.5,1.0,154.0,27,7,3
5480,2026-07-11,161,-28.0,-0.14814814814814814,193.0,4.618802153516998,189.0,197.0,180.625,13.886658551080052,181.75,12.359207094308205,1.0,1.0,2.0,3.0,6.0,0.5,0.375,0.5,1.0,156.0,28,7,3
5480,2026-07-18,161,0.0,0.0,184.0,15.79029237643601,161.0,197.0,178.875,15.486745484906919,181.08333333333334,13.290176367482344,0.0,2.0,2.0,3.0,6.0,0.5,0.375,0.5,1.0,,29,7,3
5480,2026-07-25,161,0.0,0.0,175.0,16.165807537309515,161.0,189.0,178.25,16.166543936696613,178.75,14.200672199198507,0.0,3.0,2.0,3.0,5.0,0.5,0.375,0.4166666666666667,1.0,,30,7,3
5480,2026-08-15,189,28.0,0.17391304347826086,168.0,13.999999999999993,161.0,189.0,177.625,16.79232392663809,176.41666666666666,14.656418595980556,0.0,6.0,1.0,2.0,4.0,0.25,0.25,0.3333333333333333,1.0,,33,8,3
5480,2026-08-22,189,0.0,0.0,168.0,13.999999999999993,161.0,189.0,180.5,16.483758239985345,176.41666666666666,14.656418595980556,0.0,7.0,0.0,2.0,3.0,0.0,0.25,0.25,1.0,,34,8,3
5480,2026-08-29,174,-15.0,-0.07936507936507936,175.0,16.165807537309515,161.0,189.0,179.5,15.556349186104018,177.58333333333334,15.084358746326519,0.0,8.0,0.0,2.0,3.0,0.0,0.25,0.25,1.0,,35,8,3
5480,2026-09-05,174,0.0,0.0,178.25,13.499999999999991,161.0,189.0,176.625,13.896942109687272,178.25,14.697711633881168,0.0,9.0,0.0,2.0,3.0,0.0,0.25,0.25,1.0,,36,9,3
5480,2026-09-12,174,0.0,0.0,181.5,8.660254037844373,174.0,189.0,174.75,12.969745013464419,178.91666666666666,14.266670206739809,0.0,10.0,0.0,1.0,2.0,0.0,0.125,0.16666666666666666,1.0,,37,9,3
5480,2026-09-19,174,0.0,0.0,177.75,7.499999999999985,174.0,189.0,172.875,11.630471062809825,179.58333333333334,13.787071238422312,1.0,1.0,1.0,1.0,3.0,0.25,0.125,0.25,1.0,162.0,38,9,3
