feature,importance
discount_prev_value,13.310933148027845
last_discount_interval,13.246824574950695
discount_prev_week,12.995233295450483
price_change_pct_1,12.899939859828322
discount_frequency_4,12.445454107723142
price_change_1,9.20034078436322
discount_count_last_12,7.024060129250324
price,4.8526424377550414
discount_frequency_8,4.132623792855736
price_std_12,3.298672375793448
week_of_year,1.4020216993183008
discount_count_last_8,1.3299286769638274
quarter,1.2752917302556481
price_min_4,1.2535782713022683
weeks_since_last_discount,0.6235158412134476
discount_count_last_4,0.3771868028282017
price_std_8,0.331752472120081
price_max_4,0.0
price_std_4,0.0
price_mean_4,0.0
price_mean_8,0.0
price_mean_12,0.0
discount_frequency_12,0.0
month,0.0
