split,model,train_start,train_end,test_start,test_end,roc_auc,pr_auc,accuracy,precision,recall,f1
1,LogisticRegression,2025-09-27,2026-03-28,2026-04-04,2026-05-09,0.8050392190123506,0.6182916879910427,0.8224415484860099,0.5324086423046146,0.6603804797353184,0.5895296463117478
1,RandomForest,2025-09-27,2026-03-28,2026-04-04,2026-05-09,0.8345982104489063,0.6362787332623282,0.8356330650313019,0.574113767518549,0.5760132340777502,0.5750619322873658
1,CatBoostClassifier,2025-09-27,2026-03-28,2026-04-04,2026-05-09,0.8524418010863187,0.6892188304411998,0.7677270985051744,0.44308377400500976,0.7900744416873449,0.5677603423680456
2,LogisticRegression,2025-09-27,2026-05-09,2026-05-16,2026-06-20,0.8524657795962737,0.669580548138869,0.829035907818734,0.548949485918641,0.7422181928074947,0.6311191057432867
2,RandomForest,2025-09-27,2026-05-09,2026-05-16,2026-06-20,0.8782944477181197,0.7107608406522316,0.8686952897040433,0.6792789866839883,0.6320640676941675,0.6548215403882279
2,CatBoostClassifier,2025-09-27,2026-05-09,2026-05-16,2026-06-20,0.885464600759379,0.717892536217975,0.8105758351694158,0.512419949543955,0.7979752190994258,0.6240841408650437
3,LogisticRegression,2025-09-27,2026-06-20,2026-06-27,2026-08-01,0.8625106666068645,0.5979819620416373,0.8229642286898793,0.47509578544061304,0.785750984757664,0.5921528136293237
3,RandomForest,2025-09-27,2026-06-20,2026-06-27,2026-08-01,0.8877962374393857,0.6550501800304315,0.8826857895179137,0.6399864337798881,0.6463435519780785,0.6431492842535788
3,CatBoostClassifier,2025-09-27,2026-06-20,2026-06-27,2026-08-01,0.8913942549962277,0.6542550663683927,0.8162973752766184,0.46517485227162647,0.8224010960780955,0.5942333869570597
4,LogisticRegression,2025-09-27,2026-08-01,2026-08-08,2026-09-12,0.8488022717517935,0.5590462237950322,0.8490229293968177,0.49057138806181766,0.7122272540139976,0.5809755688019478
4,RandomForest,2025-09-27,2026-08-01,2026-08-08,2026-09-12,0.8791787108491076,0.6260761038389069,0.8900114949482727,0.6511627906976745,0.5417867435158501,0.5914606741573034
4,CatBoostClassifier,2025-09-27,2026-08-01,2026-08-08,2026-09-12,0.8879756977596361,0.6403122132839295,0.8479641841611713,0.4890909090909091,0.7752161383285303,0.5997770345596433
